treatment,n,mean_outcome,sd_outcome
Control,50,-0.08766840954173007,0.9790357562303023
Treatment,50,-0.08379340761968605,0.9658102746050055
