n,mean_outcome,sd_outcome,min_outcome,max_outcome
100,-0.08573090858070806,0.9675236526119281,-2.3023663709955557,1.947932469538661
